freq,ang,val
4.0,-180.0,-1.63
4.15,-180.0,0.86
4.3,-180.0,4.38
4.46,-180.0,5.16
4.63,-180.0,0.29
4.8,-180.0,-4.58
4.98,-180.0,-6.19
5.16,-180.0,-0.99
5.36,-180.0,-2.49
5.55,-180.0,1.59
5.76,-180.0,3.76
5.98,-180.0,7.3
6.2,-180.0,-1.91
6.43,-180.0,1.23
6.67,-180.0,-4.27
6.91,-180.0,-10.81
7.17,-180.0,3.49
7.44,-180.0,6.94
7.71,-180.0,0.52
8.0,-180.0,4.29
4.0,-177.0,-2.55
4.15,-177.0,1.25
4.3,-177.0,2.62
4.46,-177.0,0.66
4.63,-177.0,-2.2
4.8,-177.0,-6.17
4.98,-177.0,3.6
5.16,-177.0,1.83
5.36,-177.0,-2.5
5.55,-177.0,3.16
5.76,-177.0,2.52
5.98,-177.0,0.6
6.2,-177.0,-4.19
6.43,-177.0,0.48
6.67,-177.0,-0.39
6.91,-177.0,-0.42
7.17,-177.0,3.76
7.44,-177.0,3.5
7.71,-177.0,-4.6
8.0,-177.0,5.96
4.0,-174.0,-5.66
4.15,-174.0,-0.06
4.3,-174.0,-3.77
4.46,-174.0,0.21
4.63,-174.0,2.48
4.8,-174.0,-12.9
4.98,-174.0,5.32
5.16,-174.0,1.53
5.36,-174.0,-5.43
5.55,-174.0,1.78
5.76,-174.0,-5.1
5.98,-174.0,4.74
6.2,-174.0,-11.43
6.43,-174.0,3.75
6.67,-174.0,-1.46
6.91,-174.0,-0.47
7.17,-174.0,-2.03
7.44,-174.0,7.83
7.71,-174.0,-2.39
8.0,-174.0,7.4
4.0,-171.0,-18.96
4.15,-171.0,-3.84
4.3,-171.0,-1.42
4.46,-171.0,3.47
4.63,-171.0,2.81
4.8,-171.0,-9.95
4.98,-171.0,4.38
5.16,-171.0,-1.4
5.36,-171.0,-14.69
5.55,-171.0,-4.35
5.76,-171.0,-0.71
5.98,-171.0,6.12
6.2,-171.0,-4.83
6.43,-171.0,2.38
6.67,-171.0,-9.12
6.91,-171.0,-5.76
7.17,-171.0,-0.24
7.44,-171.0,5.84
7.71,-171.0,-1.69
8.0,-171.0,2.43
4.0,-168.0,-7.66
4.15,-168.0,-12.01
4.3,-168.0,0.48
4.46,-168.0,3.16
4.63,-168.0,0.99
4.8,-168.0,-8.45
4.98,-168.0,0.81
5.16,-168.0,-17.85
5.36,-168.0,-7.16
5.55,-168.0,-3.6
5.76,-168.0,0.17
5.98,-168.0,3.97
6.2,-168.0,-5.64
6.43,-168.0,-4.42
6.67,-168.0,-5.93
6.91,-168.0,-6.43
7.17,-168.0,0.27
7.44,-168.0,-12.69
7.71,-168.0,-6.93
8.0,-168.0,1.4
4.0,-165.0,-7.56
4.15,-165.0,-6.08
4.3,-165.0,-0.73
4.46,-165.0,0.64
4.63,-165.0,-3.44
4.8,-165.0,-10.18
4.98,-165.0,-21.54
5.16,-165.0,-5.38
5.36,-165.0,-7.81
5.55,-165.0,-2.6
5.76,-165.0,-2.42
5.98,-165.0,-3.0
6.2,-165.0,-10.38
6.43,-165.0,-4.07
6.67,-165.0,-6.15
6.91,-165.0,-5.86
7.17,-165.0,-4.17
7.44,-165.0,1.06
7.71,-165.0,-9.57
8.0,-165.0,1.31
4.0,-162.0,-10.59
4.15,-162.0,-7.74
4.3,-162.0,-4.66
4.46,-162.0,-4.9
4.63,-162.0,-23.97
4.8,-162.0,-14.97
4.98,-162.0,-4.75
5.16,-162.0,-6.51
5.36,-162.0,-11.58
5.55,-162.0,-5.63
5.76,-162.0,-9.36
5.98,-162.0,-4.65
6.2,-162.0,-18.6
6.43,-162.0,-4.59
6.67,-162.0,-10.8
6.91,-162.0,-10.46
7.17,-162.0,-13.09
7.44,-162.0,-1.79
7.71,-162.0,-10.24
8.0,-162.0,-5.25
4.0,-159.0,-26.72
4.15,-159.0,-25.96
4.3,-159.0,-18.91
4.46,-159.0,-24.15
4.63,-159.0,-15.38
4.8,-159.0,-28.23
4.98,-159.0,-9.14
5.16,-159.0,-12.55
5.36,-159.0,-20.53
5.55,-159.0,-13.51
5.76,-159.0,-15.5
5.98,-159.0,-6.59
6.2,-159.0,-17.46
6.43,-159.0,-10.55
6.67,-159.0,-28.11
6.91,-159.0,-32.46
7.17,-159.0,-12.41
7.44,-159.0,-11.36
7.71,-159.0,-18.47
8.0,-159.0,-13.69
4.0,-156.0,-14.25
4.15,-156.0,-10.47
4.3,-156.0,-17.23
4.46,-156.0,-9.69
4.63,-156.0,-9.54
4.8,-156.0,-23.35
4.98,-156.0,-9.46
5.16,-156.0,-16.79
5.36,-156.0,-27.87
5.55,-156.0,-26.12
5.76,-156.0,-17.84
5.98,-156.0,-13.94
6.2,-156.0,-24.67
6.43,-156.0,-23.78
6.67,-156.0,-24.3
6.91,-156.0,-23.35
7.17,-156.0,-18.41
7.44,-156.0,-18.36
7.71,-156.0,-29.14
8.0,-156.0,-14.8
4.0,-153.0,-17.08
4.15,-153.0,-11.87
4.3,-153.0,-9.52
4.46,-153.0,-5.35
4.63,-153.0,-7.29
4.8,-153.0,-18.39
4.98,-153.0,-8.86
5.16,-153.0,-25.62
5.36,-153.0,-19.14
5.55,-153.0,-14.23
5.76,-153.0,-12.94
5.98,-153.0,-11.64
6.2,-153.0,-22.19
6.43,-153.0,-16.41
6.67,-153.0,-18.6
6.91,-153.0,-18.74
7.17,-153.0,-19.79
7.44,-153.0,-12.37
7.71,-153.0,-21.42
8.0,-153.0,-15.3
4.0,-150.0,-17.62
4.15,-150.0,-17.93
4.3,-150.0,-6.77
4.46,-150.0,-4.95
4.63,-150.0,-8.56
4.8,-150.0,-18.62
4.98,-150.0,-15.86
5.16,-150.0,-15.87
5.36,-150.0,-18.87
5.55,-150.0,-13.82
5.76,-150.0,-15.46
5.98,-150.0,-23.07
6.2,-150.0,-31.53
6.43,-150.0,-15.01
6.67,-150.0,-21.48
6.91,-150.0,-23.29
7.17,-150.0,-22.32
7.44,-150.0,-16.99
7.71,-150.0,-28.32
8.0,-150.0,-52.36
4.0,-147.0,-14.02
4.15,-147.0,-11.51
4.3,-147.0,-7.26
4.46,-147.0,-7.15
4.63,-147.0,-13.18
4.8,-147.0,-22.67
4.98,-147.0,-15.39
5.16,-147.0,-17.26
5.36,-147.0,-23.37
5.55,-147.0,-18.81
5.76,-147.0,-26.29
5.98,-147.0,-17.13
6.2,-147.0,-27.9
6.43,-147.0,-21.05
6.67,-147.0,-35.56
6.91,-147.0,-51.29
7.17,-147.0,-24.43
7.44,-147.0,-21.6
7.71,-147.0,-30.26
8.0,-147.0,-17.2
4.0,-144.0,-14.48
4.15,-144.0,-12.08
4.3,-144.0,-10.77
4.46,-144.0,-13.46
4.63,-144.0,-29.99
4.8,-144.0,-44.74
4.98,-144.0,-19.79
5.16,-144.0,-21.21
5.36,-144.0,-28.24
5.55,-144.0,-24.4
5.76,-144.0,-24.82
5.98,-144.0,-17.7
6.2,-144.0,-28.07
6.43,-144.0,-23.27
6.67,-144.0,-27.51
6.91,-144.0,-24.35
7.17,-144.0,-19.27
7.44,-144.0,-20.51
7.71,-144.0,-25.91
8.0,-144.0,-16.34
4.0,-141.0,-18.45
4.15,-141.0,-19.61
4.3,-141.0,-19.32
4.46,-141.0,-18.39
4.63,-141.0,-17.55
4.8,-141.0,-27.76
4.98,-141.0,-11.22
5.16,-141.0,-16.7
5.36,-141.0,-29.96
5.55,-141.0,-24.85
5.76,-141.0,-18.18
5.98,-141.0,-14.4
6.2,-141.0,-26.19
6.43,-141.0,-25.53
6.67,-141.0,-23.03
6.91,-141.0,-22.6
7.17,-141.0,-22.98
7.44,-141.0,-17.05
7.71,-141.0,-25.95
8.0,-141.0,-24.76
4.0,-138.0,-20.66
4.15,-138.0,-14.34
4.3,-138.0,-13.92
4.46,-138.0,-16.2
4.63,-138.0,-12.12
4.8,-138.0,-22.08
4.98,-138.0,-10.19
5.16,-138.0,-18.41
5.36,-138.0,-26.59
5.55,-138.0,-18.49
5.76,-138.0,-17.67
5.98,-138.0,-16.41
6.2,-138.0,-32.03
6.43,-138.0,-19.58
6.67,-138.0,-23.49
6.91,-138.0,-25.73
7.17,-138.0,-26.65
7.44,-138.0,-21.65
7.71,-138.0,-33.31
8.0,-138.0,-26.73
4.0,-135.0,-16.61
4.15,-135.0,-13.03
4.3,-135.0,-22.94
4.46,-135.0,-9.96
4.63,-135.0,-10.48
4.8,-135.0,-20.93
4.98,-135.0,-11.94
5.16,-135.0,-34.84
5.36,-135.0,-24.58
5.55,-135.0,-18.77
5.76,-135.0,-20.57
5.98,-135.0,-24.56
6.2,-135.0,-31.28
6.43,-135.0,-20.27
6.67,-135.0,-27.59
6.91,-135.0,-41.6
7.17,-135.0,-36.43
7.44,-135.0,-20.75
7.71,-135.0,-31.95
8.0,-135.0,-17.6
4.0,-132.0,-16.35
4.15,-132.0,-15.85
4.3,-132.0,-12.61
4.46,-132.0,-8.16
4.63,-132.0,-10.68
4.8,-132.0,-22.34
4.98,-132.0,-17.36
5.16,-132.0,-22.1
5.36,-132.0,-27.13
5.55,-132.0,-24.18
5.76,-132.0,-29.55
5.98,-132.0,-26.87
6.2,-132.0,-32.45
6.43,-132.0,-25.29
6.67,-132.0,-41.9
6.91,-132.0,-32.52
7.17,-132.0,-22.05
7.44,-132.0,-20.55
7.71,-132.0,-27.68
8.0,-132.0,-17.33
4.0,-130.0,-17.15
4.15,-130.0,-29.58
4.3,-130.0,-10.58
4.46,-130.0,-8.0
4.63,-130.0,-11.61
4.8,-130.0,-24.86
4.98,-130.0,-32.16
5.16,-130.0,-23.78
5.36,-130.0,-37.33
5.55,-130.0,-27.8
5.76,-130.0,-34.63
5.98,-130.0,-29.6
6.2,-130.0,-42.07
6.43,-130.0,-37.74
6.67,-130.0,-39.35
6.91,-130.0,-27.33
7.17,-130.0,-21.1
7.44,-130.0,-26.43
7.71,-130.0,-25.93
8.0,-130.0,-20.29
4.0,-129.0,-17.81
4.15,-129.0,-18.17
4.3,-129.0,-10.06
4.46,-129.0,-8.16
4.63,-129.0,-12.32
4.8,-129.0,-26.86
4.98,-129.0,-23.37
5.16,-129.0,-27.5
5.36,-129.0,-31.78
5.55,-129.0,-24.9
5.76,-129.0,-46.2
5.98,-129.0,-24.61
6.2,-129.0,-37.77
6.43,-129.0,-30.22
6.67,-129.0,-33.81
6.91,-129.0,-26.12
7.17,-129.0,-21.31
7.44,-129.0,-28.16
7.71,-129.0,-26.06
8.0,-129.0,-23.7
4.0,-126.0,-21.13
4.15,-126.0,-12.95
4.3,-126.0,-9.68
4.46,-126.0,-9.53
4.63,-126.0,-15.66
4.8,-126.0,-41.59
4.98,-126.0,-24.37
5.16,-126.0,-21.18
5.36,-126.0,-26.06
5.55,-126.0,-25.48
5.76,-126.0,-25.22
5.98,-126.0,-20.33
6.2,-126.0,-33.31
6.43,-126.0,-33.72
6.67,-126.0,-27.54
6.91,-126.0,-25.06
7.17,-126.0,-24.99
7.44,-126.0,-20.39
7.71,-126.0,-31.13
8.0,-126.0,-25.5
4.0,-123.0,-32.16
4.15,-123.0,-11.78
4.3,-123.0,-10.66
4.46,-123.0,-12.49
4.63,-123.0,-23.26
4.8,-123.0,-31.23
4.98,-123.0,-15.35
5.16,-123.0,-18.26
5.36,-123.0,-25.37
5.55,-123.0,-26.76
5.76,-123.0,-22.61
5.98,-123.0,-19.97
6.2,-123.0,-36.35
6.43,-123.0,-26.09
6.67,-123.0,-25.48
6.91,-123.0,-26.97
7.17,-123.0,-28.59
7.44,-123.0,-22.25
7.71,-123.0,-30.71
8.0,-123.0,-22.08
4.0,-120.0,-24.84
4.15,-120.0,-12.15
4.3,-120.0,-13.08
4.46,-120.0,-19.78
4.63,-120.0,-23.11
4.8,-120.0,-24.36
4.98,-120.0,-12.76
5.16,-120.0,-17.72
5.36,-120.0,-26.28
5.55,-120.0,-22.01
5.76,-120.0,-22.78
5.98,-120.0,-21.49
6.2,-120.0,-37.14
6.43,-120.0,-22.81
6.67,-120.0,-25.18
6.91,-120.0,-35.53
7.17,-120.0,-26.37
7.44,-120.0,-21.9
7.71,-120.0,-33.29
8.0,-120.0,-17.29
4.0,-117.0,-23.65
4.15,-117.0,-13.81
4.3,-117.0,-18.74
4.46,-117.0,-18.08
4.63,-117.0,-23.35
4.8,-117.0,-21.63
4.98,-117.0,-11.93
5.16,-117.0,-18.42
5.36,-117.0,-28.29
5.55,-117.0,-21.57
5.76,-117.0,-25.07
5.98,-117.0,-24.53
6.2,-117.0,-32.61
6.43,-117.0,-21.77
6.67,-117.0,-26.04
6.91,-117.0,-31.43
7.17,-117.0,-34.74
7.44,-117.0,-16.84
7.71,-117.0,-28.94
8.0,-117.0,-16.91
4.0,-114.0,-24.44
4.15,-114.0,-17.47
4.3,-114.0,-19.13
4.46,-114.0,-16.42
4.63,-114.0,-33.78
4.8,-114.0,-20.47
4.98,-114.0,-12.11
5.16,-114.0,-20.07
5.36,-114.0,-31.4
5.55,-114.0,-23.37
5.76,-114.0,-31.63
5.98,-114.0,-29.3
6.2,-114.0,-31.15
6.43,-114.0,-21.84
6.67,-114.0,-27.92
6.91,-114.0,-32.71
7.17,-114.0,-23.96
7.44,-114.0,-15.26
7.71,-114.0,-25.8
8.0,-114.0,-19.92
4.0,-111.0,-26.57
4.15,-111.0,-25.92
4.3,-111.0,-16.0
4.46,-111.0,-17.48
4.63,-111.0,-22.13
4.8,-111.0,-20.26
4.98,-111.0,-13.0
5.16,-111.0,-22.63
5.36,-111.0,-36.04
5.55,-111.0,-29.33
5.76,-111.0,-30.42
5.98,-111.0,-37.1
6.2,-111.0,-30.65
6.43,-111.0,-22.67
6.67,-111.0,-30.95
6.91,-111.0,-33.84
7.17,-111.0,-21.92
7.44,-111.0,-15.13
7.71,-111.0,-25.76
8.0,-111.0,-25.0
4.0,-108.0,-30.98
4.15,-108.0,-18.0
4.3,-108.0,-15.59
4.46,-108.0,-21.01
4.63,-108.0,-19.88
4.8,-108.0,-20.72
4.98,-108.0,-14.46
5.16,-108.0,-26.28
5.36,-108.0,-44.52
5.55,-108.0,-27.84
5.76,-108.0,-28.31
5.98,-108.0,-48.11
6.2,-108.0,-30.71
6.43,-108.0,-24.16
6.67,-108.0,-35.84
6.91,-108.0,-28.47
7.17,-108.0,-21.67
7.44,-108.0,-16.01
7.71,-108.0,-27.87
8.0,-108.0,-19.39
4.0,-105.0,-35.15
4.15,-105.0,-16.7
4.3,-105.0,-16.26
4.46,-105.0,-27.64
4.63,-105.0,-19.1
4.8,-105.0,-21.72
4.98,-105.0,-16.41
5.16,-105.0,-31.82
5.36,-105.0,-53.81
5.55,-105.0,-25.09
5.76,-105.0,-28.72
5.98,-105.0,-57.61
6.2,-105.0,-31.26
6.43,-105.0,-26.25
6.67,-105.0,-49.82
6.91,-105.0,-26.99
7.17,-105.0,-22.48
7.44,-105.0,-17.8
7.71,-105.0,-34.04
8.0,-105.0,-18.97
4.0,-102.0,-29.92
4.15,-102.0,-16.82
4.3,-102.0,-17.71
4.46,-102.0,-20.78
4.63,-102.0,-19.07
4.8,-102.0,-23.22
4.98,-102.0,-18.82
5.16,-102.0,-47.93
5.36,-102.0,-43.21
5.55,-102.0,-24.84
5.76,-102.0,-30.35
5.98,-102.0,-47.32
6.2,-102.0,-32.32
6.43,-102.0,-28.96
6.67,-102.0,-44.97
6.91,-102.0,-26.93
7.17,-102.0,-24.12
7.44,-102.0,-20.55
7.71,-102.0,-33.44
8.0,-102.0,-20.4
4.0,-99.0,-28.71
4.15,-99.0,-17.88
4.3,-99.0,-19.92
4.46,-99.0,-19.53
4.63,-99.0,-19.59
4.8,-99.0,-25.26
4.98,-99.0,-21.72
5.16,-99.0,-38.7
5.36,-99.0,-39.39
5.55,-99.0,-25.77
5.76,-99.0,-33.0
5.98,-99.0,-40.45
6.2,-99.0,-33.94
6.43,-99.0,-32.33
6.67,-99.0,-45.67
6.91,-99.0,-27.87
7.17,-99.0,-26.55
7.44,-99.0,-24.65
7.71,-99.0,-31.32
8.0,-99.0,-23.58
4.0,-96.0,-28.89
4.15,-96.0,-19.9
4.3,-96.0,-23.16
4.46,-96.0,-19.88
4.63,-96.0,-20.73
4.8,-96.0,-28.06
4.98,-96.0,-25.24
5.16,-96.0,-41.95
5.36,-96.0,-38.26
5.55,-96.0,-27.74
5.76,-96.0,-36.98
5.98,-96.0,-38.29
6.2,-96.0,-36.36
6.43,-96.0,-36.51
6.67,-96.0,-40.68
6.91,-96.0,-29.82
7.17,-96.0,-30.01
7.44,-96.0,-32.0
7.71,-96.0,-32.14
8.0,-96.0,-30.61
4.0,-93.0,-30.74
4.15,-93.0,-23.6
4.3,-93.0,-28.42
4.46,-93.0,-21.96
4.63,-93.0,-23.16
4.8,-93.0,-32.44
4.98,-93.0,-30.05
5.16,-93.0,-56.72
5.36,-93.0,-39.33
5.55,-93.0,-31.36
5.76,-93.0,-43.94
5.98,-93.0,-38.98
6.2,-93.0,-40.31
6.43,-93.0,-42.07
6.67,-93.0,-40.73
6.91,-93.0,-33.45
7.17,-93.0,-35.42
7.44,-93.0,-35.34
7.71,-93.0,-35.19
8.0,-93.0,-32.31
4.0,-90.0,-60.0
4.15,-90.0,-60.0
4.3,-90.0,-60.0
4.46,-90.0,-60.0
4.63,-90.0,-60.0
4.8,-90.0,-60.0
4.98,-90.0,-60.0
5.16,-90.0,-60.0
5.36,-90.0,-60.0
5.55,-90.0,-60.0
5.76,-90.0,-60.0
5.98,-90.0,-60.0
6.2,-90.0,-60.0
6.43,-90.0,-60.0
6.67,-90.0,-60.0
6.91,-90.0,-60.0
7.17,-90.0,-60.0
7.44,-90.0,-60.0
7.71,-90.0,-60.0
8.0,-90.0,-60.0
4.0,-87.0,-29.29
4.15,-87.0,-26.76
4.3,-87.0,-37.48
4.46,-87.0,-20.83
4.63,-87.0,-21.96
4.8,-87.0,-39.07
4.98,-87.0,-34.02
5.16,-87.0,-55.77
5.36,-87.0,-37.16
5.55,-87.0,-33.95
5.76,-87.0,-42.68
5.98,-87.0,-37.05
6.2,-87.0,-44.15
6.43,-87.0,-47.97
6.67,-87.0,-38.12
6.91,-87.0,-36.3
7.17,-87.0,-44.49
7.44,-87.0,-27.99
7.71,-87.0,-37.2
8.0,-87.0,-26.23
4.0,-84.0,-26.04
4.15,-84.0,-27.84
4.3,-84.0,-28.32
4.46,-84.0,-17.49
4.63,-84.0,-18.33
4.8,-84.0,-35.32
4.98,-84.0,-34.33
5.16,-84.0,-38.38
5.36,-84.0,-33.83
5.55,-84.0,-33.62
5.76,-84.0,-37.64
5.98,-84.0,-34.23
6.2,-84.0,-49.1
6.43,-84.0,-52.64
6.67,-84.0,-34.88
6.91,-84.0,-36.76
7.17,-84.0,-35.24
7.44,-84.0,-22.48
7.71,-84.0,-36.32
8.0,-84.0,-22.07
4.0,-81.0,-24.57
4.15,-81.0,-29.26
4.3,-81.0,-24.84
4.46,-81.0,-15.57
4.63,-81.0,-15.99
4.8,-81.0,-28.46
4.98,-81.0,-40.62
5.16,-81.0,-32.14
5.36,-81.0,-32.49
5.55,-81.0,-39.47
5.76,-81.0,-34.91
5.98,-81.0,-33.7
6.2,-81.0,-40.48
6.43,-81.0,-41.57
6.67,-81.0,-33.72
6.91,-81.0,-41.64
7.17,-81.0,-31.57
7.44,-81.0,-18.47
7.71,-81.0,-38.17
8.0,-81.0,-19.73
4.0,-78.0,-24.62
4.15,-78.0,-22.63
4.3,-78.0,-23.07
4.46,-78.0,-14.35
4.63,-78.0,-14.24
4.8,-78.0,-24.55
4.98,-78.0,-29.86
5.16,-78.0,-28.07
5.36,-78.0,-33.31
5.55,-78.0,-33.59
5.76,-78.0,-33.42
5.98,-78.0,-35.68
6.2,-78.0,-35.69
6.43,-78.0,-37.26
6.67,-78.0,-34.74
6.91,-78.0,-32.82
7.17,-78.0,-29.59
7.44,-78.0,-15.36
7.71,-78.0,-44.93
8.0,-78.0,-18.54
4.0,-75.0,-28.86
4.15,-75.0,-20.33
4.3,-75.0,-22.37
4.46,-75.0,-13.7
4.63,-75.0,-12.94
4.8,-75.0,-21.75
4.98,-75.0,-26.03
5.16,-75.0,-25.2
5.36,-75.0,-39.68
5.55,-75.0,-30.42
5.76,-75.0,-32.98
5.98,-75.0,-48.83
6.2,-75.0,-32.78
6.43,-75.0,-34.56
6.67,-75.0,-43.73
6.91,-75.0,-30.17
7.17,-75.0,-28.73
7.44,-75.0,-13.04
7.71,-75.0,-46.56
8.0,-75.0,-18.52
4.0,-72.0,-23.79
4.15,-72.0,-20.22
4.3,-72.0,-22.67
4.46,-72.0,-13.64
4.63,-72.0,-12.07
4.8,-72.0,-19.63
4.98,-72.0,-23.61
5.16,-72.0,-23.22
5.36,-72.0,-28.69
5.55,-72.0,-31.24
5.76,-72.0,-33.88
5.98,-72.0,-41.04
6.2,-72.0,-30.75
6.43,-72.0,-32.84
6.67,-72.0,-31.49
6.91,-72.0,-29.73
7.17,-72.0,-28.9
7.44,-72.0,-11.52
7.71,-72.0,-35.12
8.0,-72.0,-20.23
4.0,-69.0,-18.55
4.15,-69.0,-27.01
4.3,-69.0,-24.32
4.46,-69.0,-14.33
4.63,-69.0,-11.71
4.8,-69.0,-18.12
4.98,-69.0,-21.98
5.16,-69.0,-22.1
5.36,-69.0,-24.85
5.55,-69.0,-31.22
5.76,-69.0,-37.56
5.98,-69.0,-32.32
6.2,-69.0,-29.26
6.43,-69.0,-31.83
6.67,-69.0,-28.25
6.91,-69.0,-33.28
7.17,-69.0,-30.33
7.44,-69.0,-10.93
7.71,-69.0,-30.01
8.0,-69.0,-27.27
4.0,-66.0,-15.51
4.15,-66.0,-17.53
4.3,-66.0,-29.05
4.46,-66.0,-16.23
4.63,-66.0,-12.05
4.8,-66.0,-17.24
4.98,-66.0,-20.94
5.16,-66.0,-21.97
5.36,-66.0,-22.64
5.55,-66.0,-23.8
5.76,-66.0,-40.87
5.98,-66.0,-26.58
6.2,-66.0,-28.15
6.43,-66.0,-31.32
6.67,-66.0,-26.92
6.91,-66.0,-30.01
7.17,-66.0,-33.71
7.44,-66.0,-11.53
7.71,-66.0,-27.14
8.0,-66.0,-24.13
4.0,-63.0,-13.48
4.15,-63.0,-12.84
4.3,-63.0,-30.91
4.46,-63.0,-20.91
4.63,-63.0,-13.49
4.8,-63.0,-17.14
4.98,-63.0,-20.45
5.16,-63.0,-23.38
5.36,-63.0,-21.58
5.55,-63.0,-20.36
5.76,-63.0,-38.0
5.98,-63.0,-24.04
6.2,-63.0,-27.38
6.43,-63.0,-31.02
6.67,-63.0,-27.23
6.91,-63.0,-25.23
7.17,-63.0,-45.54
7.44,-63.0,-14.02
7.71,-63.0,-25.89
8.0,-63.0,-25.16
4.0,-60.0,-12.21
4.15,-60.0,-10.04
4.3,-60.0,-29.18
4.46,-60.0,-27.13
4.63,-60.0,-17.51
4.8,-60.0,-18.26
4.98,-60.0,-20.6
5.16,-60.0,-29.49
5.36,-60.0,-21.76
5.55,-60.0,-18.5
5.76,-60.0,-42.17
5.98,-60.0,-24.21
6.2,-60.0,-27.12
6.43,-60.0,-30.66
6.67,-60.0,-30.62
6.91,-60.0,-23.4
7.17,-60.0,-36.88
7.44,-60.0,-21.35
7.71,-60.0,-26.44
8.0,-60.0,-24.86
4.0,-57.0,-11.68
4.15,-57.0,-8.26
4.3,-57.0,-33.1
4.46,-57.0,-24.21
4.63,-57.0,-21.23
4.8,-57.0,-22.55
4.98,-57.0,-21.9
5.16,-57.0,-26.36
5.36,-57.0,-23.75
5.55,-57.0,-18.0
5.76,-57.0,-34.03
5.98,-57.0,-38.51
6.2,-57.0,-27.84
6.43,-57.0,-30.24
6.67,-57.0,-31.66
6.91,-57.0,-23.49
7.17,-57.0,-32.92
7.44,-57.0,-27.9
7.71,-57.0,-30.29
8.0,-57.0,-21.23
4.0,-54.0,-12.05
4.15,-54.0,-7.3
4.3,-54.0,-25.24
4.46,-54.0,-15.08
4.63,-54.0,-18.5
4.8,-54.0,-22.47
4.98,-54.0,-28.51
5.16,-54.0,-25.41
5.36,-54.0,-30.64
5.55,-54.0,-19.24
5.76,-54.0,-33.6
5.98,-54.0,-23.08
6.2,-54.0,-30.79
6.43,-54.0,-30.49
6.67,-54.0,-27.47
6.91,-54.0,-26.31
7.17,-54.0,-29.52
7.44,-54.0,-14.94
7.71,-54.0,-34.09
8.0,-54.0,-23.79
4.0,-51.0,-13.81
4.15,-51.0,-7.22
4.3,-51.0,-24.66
4.46,-51.0,-11.34
4.63,-51.0,-19.54
4.8,-51.0,-19.01
4.98,-51.0,-21.6
5.16,-51.0,-29.28
5.36,-51.0,-33.95
5.55,-51.0,-24.1
5.76,-51.0,-40.5
5.98,-51.0,-23.53
6.2,-51.0,-43.57
6.43,-51.0,-34.25
6.67,-51.0,-28.41
6.91,-51.0,-33.56
7.17,-51.0,-27.83
7.44,-51.0,-11.69
7.71,-51.0,-36.61
8.0,-51.0,-28.2
4.0,-48.0,-19.26
4.15,-48.0,-8.26
4.3,-48.0,-31.5
4.46,-48.0,-9.59
4.63,-48.0,-11.96
4.8,-48.0,-20.46
4.98,-48.0,-17.69
5.16,-48.0,-21.05
5.36,-48.0,-25.24
5.55,-48.0,-29.04
5.76,-48.0,-38.51
5.98,-48.0,-21.61
6.2,-48.0,-31.96
6.43,-48.0,-31.22
6.67,-48.0,-35.58
6.91,-48.0,-30.01
7.17,-48.0,-28.98
7.44,-48.0,-12.05
7.71,-48.0,-28.48
8.0,-48.0,-35.94
4.0,-45.0,-19.35
4.15,-45.0,-11.15
4.3,-45.0,-20.91
4.46,-45.0,-9.46
4.63,-45.0,-9.44
4.8,-45.0,-22.81
4.98,-45.0,-16.15
5.16,-45.0,-19.52
5.36,-45.0,-20.13
5.55,-45.0,-23.61
5.76,-45.0,-27.81
5.98,-45.0,-16.74
6.2,-45.0,-24.51
6.43,-45.0,-27.58
6.67,-45.0,-28.42
6.91,-45.0,-26.55
7.17,-45.0,-43.74
7.44,-45.0,-17.51
7.71,-45.0,-26.59
8.0,-45.0,-21.66
4.0,-42.0,-19.83
4.15,-42.0,-19.44
4.3,-42.0,-19.25
4.46,-42.0,-11.37
4.63,-42.0,-9.24
4.8,-42.0,-16.93
4.98,-42.0,-16.49
5.16,-42.0,-21.92
5.36,-42.0,-18.65
5.55,-42.0,-17.23
5.76,-42.0,-24.0
5.98,-42.0,-17.34
6.2,-42.0,-21.63
6.43,-42.0,-30.42
6.67,-42.0,-35.29
6.91,-42.0,-22.09
7.17,-42.0,-43.0
7.44,-42.0,-25.83
7.71,-42.0,-33.43
8.0,-42.0,-22.67
4.0,-39.0,-16.03
4.15,-39.0,-22.48
4.3,-39.0,-25.28
4.46,-39.0,-17.9
4.63,-39.0,-12.07
4.8,-39.0,-16.85
4.98,-39.0,-19.72
5.16,-39.0,-26.0
5.36,-39.0,-20.27
5.55,-39.0,-15.8
5.76,-39.0,-23.81
5.98,-39.0,-22.67
6.2,-39.0,-22.01
6.43,-39.0,-26.98
6.67,-39.0,-24.14
6.91,-39.0,-22.95
7.17,-39.0,-26.14
7.44,-39.0,-12.51
7.71,-39.0,-29.27
8.0,-39.0,-28.66
4.0,-36.0,-10.85
4.15,-36.0,-10.48
4.3,-36.0,-16.85
4.46,-36.0,-31.02
4.63,-36.0,-17.57
4.8,-36.0,-32.36
4.98,-36.0,-36.1
5.16,-36.0,-25.24
5.36,-36.0,-28.9
5.55,-36.0,-19.58
5.76,-36.0,-29.61
5.98,-36.0,-18.74
6.2,-36.0,-28.39
6.43,-36.0,-25.47
6.67,-36.0,-24.08
6.91,-36.0,-31.26
7.17,-36.0,-23.67
7.44,-36.0,-10.32
7.71,-36.0,-31.29
8.0,-36.0,-24.88
4.0,-33.0,-8.97
4.15,-33.0,-6.36
4.3,-33.0,-13.4
4.46,-33.0,-11.67
4.63,-33.0,-14.51
4.8,-33.0,-15.49
4.98,-33.0,-20.16
5.16,-33.0,-19.12
5.36,-33.0,-25.58
5.55,-33.0,-18.61
5.76,-33.0,-33.69
5.98,-33.0,-14.83
6.2,-33.0,-29.11
6.43,-33.0,-25.13
6.67,-33.0,-29.32
6.91,-33.0,-42.4
7.17,-33.0,-29.26
7.44,-33.0,-15.03
7.71,-33.0,-25.91
8.0,-33.0,-19.77
4.0,-30.0,-9.17
4.15,-30.0,-4.73
4.3,-30.0,-13.12
4.46,-30.0,-7.35
4.63,-30.0,-12.52
4.8,-30.0,-14.9
4.98,-30.0,-13.76
5.16,-30.0,-15.33
5.36,-30.0,-17.16
5.55,-30.0,-20.62
5.76,-30.0,-20.59
5.98,-30.0,-10.66
6.2,-30.0,-18.86
6.43,-30.0,-20.33
6.67,-30.0,-27.58
6.91,-30.0,-19.24
7.17,-30.0,-28.8
7.44,-30.0,-21.0
7.71,-30.0,-28.68
8.0,-30.0,-38.52
4.0,-27.0,-12.26
4.15,-27.0,-5.15
4.3,-27.0,-17.09
4.46,-27.0,-6.23
4.63,-27.0,-7.42
4.8,-27.0,-26.72
4.98,-27.0,-11.81
5.16,-27.0,-16.33
5.36,-27.0,-15.07
5.55,-27.0,-14.94
5.76,-27.0,-17.6
5.98,-27.0,-13.5
6.2,-27.0,-16.58
6.43,-27.0,-27.06
6.67,-27.0,-21.0
6.91,-27.0,-18.3
7.17,-27.0,-22.16
7.44,-27.0,-8.51
7.71,-27.0,-25.03
8.0,-27.0,-42.0
4.0,-25.0,-20.44
4.15,-25.0,-6.91
4.3,-25.0,-22.05
4.46,-25.0,-7.18
4.63,-25.0,-7.07
4.8,-25.0,-17.15
4.98,-25.0,-12.7
5.16,-25.0,-21.55
5.36,-25.0,-16.48
5.55,-25.0,-13.82
5.76,-25.0,-18.98
5.98,-25.0,-19.32
6.2,-25.0,-18.67
6.43,-25.0,-22.76
6.67,-25.0,-20.05
6.91,-25.0,-23.54
7.17,-25.0,-20.28
7.44,-25.0,-7.92
7.71,-25.0,-30.61
8.0,-25.0,-18.73
4.0,-24.5,-28.89
4.15,-24.5,-7.64
4.3,-24.5,-19.52
4.46,-24.5,-7.71
4.63,-24.5,-7.34
4.8,-24.5,-16.62
4.98,-24.5,-13.34
5.16,-24.5,-24.88
5.36,-24.5,-17.45
5.55,-24.5,-14.38
5.76,-24.5,-20.14
5.98,-24.5,-17.55
6.2,-24.5,-20.15
6.43,-24.5,-22.7
6.67,-24.5,-20.82
6.91,-24.5,-27.43
7.17,-24.5,-20.75
7.44,-24.5,-8.6
7.71,-24.5,-27.61
8.0,-24.5,-18.31
4.0,-24.0,-20.06
4.15,-24.0,-8.53
4.3,-24.0,-18.27
4.46,-24.0,-8.42
4.63,-24.0,-7.8
4.8,-24.0,-16.5
4.98,-24.0,-14.27
5.16,-24.0,-34.83
5.36,-24.0,-18.9
5.55,-24.0,-15.58
5.76,-24.0,-22.12
5.98,-24.0,-17.87
6.2,-24.0,-22.68
6.43,-24.0,-23.83
6.67,-24.0,-22.49
6.91,-24.0,-45.11
7.17,-24.0,-21.93
7.44,-24.0,-9.91
7.71,-24.0,-26.73
8.0,-24.0,-18.56
4.0,-23.5,-17.9
4.15,-23.5,-9.64
4.3,-23.5,-17.68
4.46,-23.5,-9.36
4.63,-23.5,-8.52
4.8,-23.5,-16.83
4.98,-23.5,-15.65
5.16,-23.5,-28.58
5.36,-23.5,-21.34
5.55,-23.5,-18.3
5.76,-23.5,-26.54
5.98,-23.5,-22.22
6.2,-23.5,-29.52
6.43,-23.5,-28.93
6.67,-23.5,-27.11
6.91,-23.5,-32.49
7.17,-23.5,-24.76
7.44,-23.5,-12.56
7.71,-23.5,-27.51
8.0,-23.5,-19.88
4.0,-23.0,-16.99
4.15,-23.0,-11.05
4.3,-23.0,-17.6
4.46,-23.0,-10.64
4.63,-23.0,-9.66
4.8,-23.0,-17.79
4.98,-23.0,-17.9
5.16,-23.0,-28.28
5.36,-23.0,-27.53
5.55,-23.0,-26.39
5.76,-23.0,-27.35
5.98,-23.0,-18.19
6.2,-23.0,-25.62
6.43,-23.0,-24.61
6.67,-23.0,-25.66
6.91,-23.0,-31.27
7.17,-23.0,-31.08
7.44,-23.0,-27.38
7.71,-23.0,-33.55
8.0,-23.0,-24.75
4.0,-22.5,-16.82
4.15,-22.5,-12.89
4.3,-22.5,-18.08
4.46,-22.5,-12.47
4.63,-22.5,-11.55
4.8,-22.5,-20.09
4.98,-22.5,-23.18
5.16,-22.5,-33.74
5.36,-22.5,-24.56
5.55,-22.5,-16.3
5.76,-22.5,-22.42
5.98,-22.5,-13.12
6.2,-22.5,-22.46
6.43,-22.5,-19.88
6.67,-22.5,-20.88
6.91,-22.5,-23.54
7.17,-22.5,-22.37
7.44,-22.5,-12.72
7.71,-22.5,-26.78
8.0,-22.5,-21.56
4.0,-22.0,-17.38
4.15,-22.0,-15.49
4.3,-22.0,-19.44
4.46,-22.0,-15.53
4.63,-22.0,-15.79
4.8,-22.0,-42.74
4.98,-22.0,-21.96
5.16,-22.0,-23.28
5.36,-22.0,-20.97
5.55,-22.0,-13.17
5.76,-22.0,-20.43
5.98,-22.0,-10.19
6.2,-22.0,-21.45
6.43,-22.0,-17.16
6.67,-22.0,-18.51
6.91,-22.0,-19.6
7.17,-22.0,-19.42
7.44,-22.0,-9.86
7.71,-22.0,-22.22
8.0,-22.0,-16.89
4.0,-21.5,-19.15
4.15,-21.5,-19.82
4.3,-21.5,-23.36
4.46,-21.5,-27.44
4.63,-21.5,-16.72
4.8,-21.5,-18.98
4.98,-21.5,-17.79
5.16,-21.5,-19.34
5.36,-21.5,-19.49
5.55,-21.5,-11.19
5.76,-21.5,-19.42
5.98,-21.5,-8.05
6.2,-21.5,-21.82
6.43,-21.5,-15.18
6.67,-21.5,-16.96
6.91,-21.5,-16.83
7.17,-21.5,-17.62
7.44,-21.5,-8.57
7.71,-21.5,-19.46
8.0,-21.5,-14.39
4.0,-21.0,-26.39
4.15,-21.0,-30.84
4.3,-21.0,-23.12
4.46,-21.0,-16.9
4.63,-21.0,-11.46
4.8,-21.0,-15.49
4.98,-21.0,-15.97
5.16,-21.0,-16.67
5.36,-21.0,-18.96
5.55,-21.0,-9.74
5.76,-21.0,-19.09
5.98,-21.0,-6.35
6.2,-21.0,-24.76
6.43,-21.0,-13.62
6.67,-21.0,-15.89
6.91,-21.0,-14.68
7.17,-21.0,-16.42
7.44,-21.0,-8.22
7.71,-21.0,-17.43
8.0,-21.0,-12.72
4.0,-20.5,-19.4
4.15,-20.5,-23.65
4.3,-20.5,-17.65
4.46,-20.5,-14.3
4.63,-20.5,-9.11
4.8,-20.5,-13.31
4.98,-20.5,-15.02
5.16,-20.5,-14.62
5.36,-20.5,-19.25
5.55,-20.5,-8.63
5.76,-20.5,-19.47
5.98,-20.5,-4.96
6.2,-20.5,-25.04
6.43,-20.5,-12.35
6.67,-20.5,-15.18
6.91,-20.5,-12.94
7.17,-20.5,-15.64
7.44,-20.5,-8.94
7.71,-20.5,-15.85
8.0,-20.5,-11.56
4.0,-20.0,-15.34
4.15,-20.0,-29.79
4.3,-20.0,-14.91
4.46,-20.0,-13.31
4.63,-20.0,-7.63
4.8,-20.0,-11.71
4.98,-20.0,-14.64
5.16,-20.0,-12.95
5.36,-20.0,-20.84
5.55,-20.0,-7.76
5.76,-20.0,-21.05
5.98,-20.0,-3.79
6.2,-20.0,-18.74
6.43,-20.0,-11.31
6.67,-20.0,-14.78
6.91,-20.0,-11.48
7.17,-20.0,-15.23
7.44,-20.0,-12.3
7.71,-20.0,-14.59
8.0,-20.0,-10.79
4.0,-19.5,-12.93
4.15,-19.5,-17.9
4.3,-19.5,-13.0
4.46,-19.5,-13.22
4.63,-19.5,-6.58
4.8,-19.5,-10.43
4.98,-19.5,-14.81
5.16,-19.5,-11.56
5.36,-19.5,-28.89
5.55,-19.5,-7.08
5.76,-19.5,-28.26
5.98,-19.5,-2.8
6.2,-19.5,-15.56
6.43,-19.5,-10.45
6.67,-19.5,-14.72
6.91,-19.5,-10.25
7.17,-19.5,-15.23
7.44,-19.5,-11.83
7.71,-19.5,-13.58
8.0,-19.5,-10.42
4.0,-19.0,-11.17
4.15,-19.0,-13.77
4.3,-19.0,-11.52
4.46,-19.0,-14.15
4.63,-19.0,-5.84
4.8,-19.0,-9.39
4.98,-19.0,-15.73
5.16,-19.0,-10.36
5.36,-19.0,-20.28
5.55,-19.0,-6.57
5.76,-19.0,-20.86
5.98,-19.0,-1.96
6.2,-19.0,-13.3
6.43,-19.0,-9.75
6.67,-19.0,-15.07
6.91,-19.0,-9.21
7.17,-19.0,-15.78
7.44,-19.0,-5.94
7.71,-19.0,-12.8
8.0,-19.0,-10.48
4.0,-18.5,-9.78
4.15,-18.5,-11.02
4.3,-18.5,-10.31
4.46,-18.5,-17.48
4.63,-18.5,-5.32
4.8,-18.5,-8.52
4.98,-18.5,-18.32
5.16,-18.5,-9.33
5.36,-18.5,-16.18
5.55,-18.5,-6.22
5.76,-18.5,-16.66
5.98,-18.5,-1.26
6.2,-18.5,-11.53
6.43,-18.5,-9.2
6.67,-18.5,-16.11
6.91,-18.5,-8.34
7.17,-18.5,-17.37
7.44,-18.5,-2.89
7.71,-18.5,-12.22
8.0,-18.5,-11.19
4.0,-18.0,-8.62
4.15,-18.0,-8.94
4.3,-18.0,-9.29
4.46,-18.0,-18.18
4.63,-18.0,-4.99
4.8,-18.0,-7.79
4.98,-18.0,-24.19
5.16,-18.0,-8.44
5.36,-18.0,-13.65
5.55,-18.0,-6.04
5.76,-18.0,-14.1
5.98,-18.0,-0.69
6.2,-18.0,-10.07
6.43,-18.0,-8.81
6.67,-18.0,-18.75
6.91,-18.0,-7.61
7.17,-18.0,-23.1
7.44,-18.0,-0.72
7.71,-18.0,-11.87
8.0,-18.0,-13.27
4.0,-17.5,-7.64
4.15,-17.5,-7.26
4.3,-17.5,-8.41
4.46,-17.5,-12.1
4.63,-17.5,-4.86
4.8,-17.5,-7.18
4.98,-17.5,-15.32
5.16,-17.5,-7.66
5.36,-17.5,-11.77
5.55,-17.5,-6.04
5.76,-17.5,-12.19
5.98,-17.5,-0.24
6.2,-17.5,-8.83
6.43,-17.5,-8.57
6.67,-17.5,-25.36
6.91,-17.5,-7.02
7.17,-17.5,-18.38
7.44,-17.5,0.98
7.71,-17.5,-11.75
8.0,-17.5,-41.68
4.0,-17.0,-6.8
4.15,-17.0,-5.85
4.3,-17.0,-7.66
4.46,-17.0,-9.14
4.63,-17.0,-4.94
4.8,-17.0,-6.67
4.98,-17.0,-12.05
5.16,-17.0,-6.99
5.36,-17.0,-10.25
5.55,-17.0,-6.26
5.76,-17.0,-10.67
5.98,-17.0,0.09
6.2,-17.0,-7.77
6.43,-17.0,-8.51
6.67,-17.0,-16.08
6.91,-17.0,-6.57
7.17,-17.0,-13.93
7.44,-17.0,2.36
7.71,-17.0,-11.93
8.0,-17.0,-11.74
4.0,-16.5,-6.06
4.15,-16.5,-4.64
4.3,-16.5,-7.02
4.46,-16.5,-7.07
4.63,-16.5,-5.26
4.8,-16.5,-6.27
4.98,-16.5,-9.87
5.16,-16.5,-6.41
5.36,-16.5,-8.98
5.55,-16.5,-6.77
5.76,-16.5,-9.39
5.98,-16.5,0.29
6.2,-16.5,-6.85
6.43,-16.5,-8.66
6.67,-16.5,-12.84
6.91,-16.5,-6.26
7.17,-16.5,-11.37
7.44,-16.5,3.51
7.71,-16.5,-12.54
8.0,-16.5,-8.09
4.0,-16.0,-5.43
4.15,-16.0,-3.59
4.3,-16.0,-6.46
4.46,-16.0,-5.45
4.63,-16.0,-5.93
4.8,-16.0,-5.96
4.98,-16.0,-8.19
5.16,-16.0,-5.92
5.36,-16.0,-7.9
5.55,-16.0,-7.75
5.76,-16.0,-8.3
5.98,-16.0,0.35
6.2,-16.0,-6.06
6.43,-16.0,-9.09
6.67,-16.0,-10.71
6.91,-16.0,-6.11
7.17,-16.0,-9.5
7.44,-16.0,4.48
7.71,-16.0,-13.89
8.0,-16.0,-5.78
4.0,-15.5,-4.87
4.15,-15.5,-2.67
4.3,-15.5,-5.98
4.46,-15.5,-4.12
4.63,-15.5,-7.17
4.8,-15.5,-5.74
4.98,-15.5,-6.83
5.16,-15.5,-5.52
5.36,-15.5,-6.97
5.55,-15.5,-9.66
5.76,-15.5,-7.36
5.98,-15.5,0.25
6.2,-15.5,-5.39
6.43,-15.5,-9.95
6.67,-15.5,-9.1
6.91,-15.5,-6.13
7.17,-15.5,-8.04
7.44,-15.5,5.28
7.71,-15.5,-17.32
8.0,-15.5,-4.06
4.0,-15.0,-4.39
4.15,-15.0,-1.86
4.3,-15.0,-5.58
4.46,-15.0,-2.99
4.63,-15.0,-9.73
4.8,-15.0,-5.62
4.98,-15.0,-5.68
5.16,-15.0,-5.21
5.36,-15.0,-6.16
5.55,-15.0,-15.19
5.76,-15.0,-6.55
5.98,-15.0,-0.05
6.2,-15.0,-4.82
6.43,-15.0,-11.62
6.67,-15.0,-7.81
6.91,-15.0,-6.36
7.17,-15.0,-6.84
7.44,-15.0,5.94
7.71,-15.0,-19.37
8.0,-15.0,-2.71
4.0,-12.0,-2.8
4.15,-12.0,1.43
4.3,-12.0,-4.69
4.46,-12.0,1.32
4.63,-12.0,-0.65
4.8,-12.0,-8.13
4.98,-12.0,-1.34
5.16,-12.0,-5.39
5.36,-12.0,-3.19
5.55,-12.0,-1.0
5.76,-12.0,-3.71
5.98,-12.0,-2.09
6.2,-12.0,-3.47
6.43,-12.0,-4.64
6.67,-12.0,-3.59
6.91,-12.0,-8.01
7.17,-12.0,-3.01
7.44,-12.0,6.88
7.71,-12.0,-4.84
8.0,-12.0,1.19
4.0,-9.0,-3.56
4.15,-9.0,2.69
4.3,-9.0,-7.84
4.46,-9.0,3.1
4.63,-9.0,3.56
4.8,-9.0,-5.49
4.98,-9.0,0.29
5.16,-9.0,-11.73
5.36,-9.0,-3.1
5.55,-9.0,2.61
5.76,-9.0,-4.26
5.98,-9.0,5.72
6.2,-9.0,-9.53
6.43,-9.0,-0.49
6.67,-9.0,-3.7
6.91,-9.0,-0.34
7.17,-9.0,-4.34
7.44,-9.0,3.54
7.71,-9.0,-2.6
8.0,-9.0,-2.93
4.0,-6.0,-13.2
4.15,-6.0,2.01
4.3,-6.0,-5.92
4.46,-6.0,2.8
4.63,-6.0,5.05
4.8,-6.0,-0.68
4.98,-6.0,-0.67
5.16,-6.0,-1.81
5.36,-6.0,-10.37
5.55,-6.0,3.2
5.76,-6.0,-10.49
5.98,-6.0,7.61
6.2,-6.0,-1.88
6.43,-6.0,-0.29
6.67,-6.0,-9.13
6.91,-6.0,0.95
7.17,-6.0,-3.59
7.44,-6.0,11.32
7.71,-6.0,-8.8
8.0,-6.0,3.39
4.0,-3.0,-2.83
4.15,-3.0,-3.12
4.3,-3.0,-1.34
4.46,-3.0,-1.41
4.63,-3.0,4.45
4.8,-3.0,0.74
4.98,-3.0,-16.66
5.16,-3.0,0.38
5.36,-3.0,-2.58
5.55,-3.0,-0.16
5.76,-3.0,-1.44
5.98,-3.0,6.02
6.2,-3.0,0.88
6.43,-3.0,-9.58
6.67,-3.0,-0.75
6.91,-3.0,-3.86
7.17,-3.0,0.86
7.44,-3.0,11.72
7.71,-3.0,-1.42
8.0,-3.0,5.45
4.0,0.0,0.0
4.15,0.0,0.0
4.3,0.0,0.0
4.46,0.0,0.0
4.63,0.0,0.0
4.8,0.0,0.0
4.98,0.0,0.0
5.16,0.0,0.0
5.36,0.0,0.0
5.55,0.0,0.0
5.76,0.0,0.0
5.98,0.0,0.0
6.2,0.0,0.0
6.43,0.0,0.0
6.67,0.0,0.0
6.91,0.0,0.0
7.17,0.0,0.0
7.44,0.0,0.0
7.71,0.0,0.0
8.0,0.0,0.0
4.0,3.0,0.6
4.15,3.0,3.31
4.3,3.0,-0.5
4.46,3.0,3.67
4.63,3.0,0.79
4.8,3.0,-4.3
4.98,3.0,1.91
5.16,3.0,-3.88
5.36,3.0,-0.37
5.55,3.0,3.81
5.76,3.0,-1.66
5.98,3.0,7.29
6.2,3.0,-10.0
6.43,3.0,1.43
6.67,3.0,-4.03
6.91,3.0,2.04
7.17,3.0,-10.71
7.44,3.0,11.39
7.71,3.0,-5.21
8.0,3.0,4.05
4.0,6.0,-0.36
4.15,6.0,3.81
4.3,6.0,-3.11
4.46,6.0,4.12
4.63,6.0,4.12
4.8,6.0,-5.08
4.98,6.0,1.23
5.16,6.0,-5.7
5.36,6.0,-3.97
5.55,6.0,3.64
5.76,6.0,-13.52
5.98,6.0,7.64
6.2,6.0,-1.55
6.43,6.0,-1.04
6.67,6.0,-4.33
6.91,6.0,-0.48
7.17,6.0,-0.55
7.44,6.0,11.5
7.71,6.0,-2.87
8.0,6.0,4.7
4.0,9.0,-3.26
4.15,9.0,2.58
4.3,9.0,-14.07
4.46,9.0,2.64
4.63,9.0,4.1
4.8,9.0,-1.8
4.98,9.0,-2.19
5.16,9.0,-2.12
5.36,9.0,-8.51
5.55,9.0,0.41
5.76,9.0,-3.96
5.98,9.0,4.64
6.2,9.0,-0.85
6.43,9.0,-10.28
6.67,9.0,-2.03
6.91,9.0,-7.49
7.17,9.0,-1.33
7.44,9.0,5.44
7.71,9.0,-2.22
8.0,9.0,-1.5
4.0,12.0,-12.21
4.15,12.0,-0.7
4.3,12.0,-6.46
4.46,12.0,-1.3
4.63,12.0,1.96
4.8,12.0,-2.29
4.98,12.0,-12.65
5.16,12.0,-2.75
5.36,12.0,-4.28
5.55,12.0,-9.65
5.76,12.0,-3.67
5.98,12.0,-7.29
6.2,12.0,-3.79
6.43,12.0,-3.14
6.67,12.0,-4.34
6.91,12.0,-2.21
7.17,12.0,-8.12
7.44,12.0,6.22
7.71,12.0,-7.55
8.0,12.0,-0.63
4.0,15.0,-8.48
4.15,15.0,-9.92
4.3,15.0,-6.1
4.46,15.0,-15.85
4.63,15.0,-3.12
4.8,15.0,-5.18
4.98,15.0,-5.18
5.16,15.0,-6.0
5.36,15.0,-5.36
5.55,15.0,-2.54
5.76,15.0,-6.68
5.98,15.0,1.27
6.2,15.0,-17.92
6.43,15.0,-4.66
6.67,15.0,-13.72
6.91,15.0,-4.38
7.17,15.0,-8.07
7.44,15.0,5.97
7.71,15.0,-10.02
8.0,15.0,-1.48
4.0,15.5,-8.18
4.15,15.5,-16.2
4.3,15.5,-6.37
4.46,15.5,-10.15
4.63,15.5,-4.55
4.8,15.5,-5.94
4.98,15.5,-5.16
5.16,15.5,-6.85
5.36,15.5,-5.83
5.55,15.5,-2.53
5.76,15.5,-7.53
5.98,15.5,1.27
6.2,15.5,-16.15
6.43,15.5,-5.3
6.67,15.5,-21.31
6.91,15.5,-5.17
7.17,15.5,-7.78
7.44,15.5,5.4
7.71,15.5,-9.51
8.0,15.5,-2.18
4.0,16.0,-8.07
4.15,16.0,-14.12
4.3,16.0,-6.73
4.46,16.0,-8.23
4.63,16.0,-6.34
4.8,16.0,-6.8
4.98,16.0,-5.26
5.16,16.0,-7.84
5.36,16.0,-6.38
5.55,16.0,-2.66
5.76,16.0,-8.51
5.98,16.0,1.13
6.2,16.0,-12.53
6.43,16.0,-6.05
6.67,16.0,-16.85
6.91,16.0,-6.11
7.17,16.0,-7.73
7.44,16.0,4.7
7.71,16.0,-9.33
8.0,16.0,-3.04
4.0,16.5,-8.11
4.15,16.5,-10.62
4.3,16.5,-7.17
4.46,16.5,-7.26
4.63,16.5,-8.79
4.8,16.5,-7.79
4.98,16.5,-5.48
5.16,16.5,-8.97
5.36,16.5,-7.02
5.55,16.5,-2.9
5.76,16.5,-9.65
5.98,16.5,0.88
6.2,16.5,-11.03
6.43,16.5,-6.92
6.67,16.5,-13.79
6.91,16.5,-7.23
7.17,16.5,-7.89
7.44,16.5,3.84
7.71,16.5,-9.41
8.0,16.5,-4.08
4.0,17.0,-8.3
4.15,17.0,-9.19
4.3,17.0,-7.7
4.46,17.0,-6.77
4.63,17.0,-12.95
4.8,17.0,-8.92
4.98,17.0,-5.8
5.16,17.0,-10.3
5.36,17.0,-7.75
5.55,17.0,-3.24
5.76,17.0,-11.0
5.98,17.0,0.51
6.2,17.0,-10.26
6.43,17.0,-7.95
6.67,17.0,-12.49
6.91,17.0,-8.57
7.17,17.0,-8.21
7.44,17.0,2.83
7.71,17.0,-9.69
8.0,17.0,-5.32
4.0,17.5,-8.63
4.15,17.5,-8.52
4.3,17.5,-8.34
4.46,17.5,-6.59
4.63,17.5,-19.0
4.8,17.5,-10.23
4.98,17.5,-6.24
5.16,17.5,-11.89
5.36,17.5,-8.59
5.55,17.5,-3.69
5.76,17.5,-12.64
5.98,17.5,0.04
6.2,17.5,-9.91
6.43,17.5,-9.15
6.67,17.5,-11.86
6.91,17.5,-10.21
7.17,17.5,-8.68
7.44,17.5,1.62
7.71,17.5,-10.16
8.0,17.5,-6.81
4.0,18.0,-9.12
4.15,18.0,-8.3
4.3,18.0,-9.1
4.46,18.0,-6.65
4.63,18.0,-12.34
4.8,18.0,-11.8
4.98,18.0,-6.78
5.16,18.0,-13.9
5.36,18.0,-9.54
5.55,18.0,-4.25
5.76,18.0,-14.72
5.98,18.0,-0.54
6.2,18.0,-9.83
6.43,18.0,-10.58
6.67,18.0,-11.62
6.91,18.0,-12.32
7.17,18.0,-9.31
7.44,18.0,0.18
7.71,18.0,-10.79
8.0,18.0,-8.66
4.0,18.5,-9.8
4.15,18.5,-8.42
4.3,18.5,-10.01
4.46,18.5,-6.94
4.63,18.5,-10.57
4.8,18.5,-13.71
4.98,18.5,-7.45
5.16,18.5,-16.66
5.36,18.5,-10.63
5.55,18.5,-4.91
5.76,18.5,-17.68
5.98,18.5,-1.24
6.2,18.5,-9.96
6.43,18.5,-12.31
6.67,18.5,-11.66
6.91,18.5,-15.35
7.17,18.5,-10.09
7.44,18.5,-1.59
7.71,18.5,-11.61
8.0,18.5,-11.06
4.0,19.0,-10.71
4.15,19.0,-8.86
4.3,19.0,-11.11
4.46,19.0,-7.46
4.63,19.0,-9.91
4.8,19.0,-16.21
4.98,19.0,-8.25
5.16,19.0,-21.52
5.36,19.0,-11.89
5.55,19.0,-5.7
5.76,19.0,-23.56
5.98,19.0,-2.06
6.2,19.0,-10.28
6.43,19.0,-14.51
6.67,19.0,-11.93
6.91,19.0,-21.54
7.17,19.0,-11.03
7.44,19.0,-3.84
7.71,19.0,-12.6
8.0,19.0,-14.57
4.0,19.5,-11.98
4.15,19.5,-9.68
4.3,19.5,-12.47
4.46,19.5,-8.24
4.63,19.5,-9.86
4.8,19.5,-19.94
4.98,19.5,-9.21
5.16,19.5,-24.93
5.36,19.5,-13.35
5.55,19.5,-6.63
5.76,19.5,-23.38
5.98,19.5,-3.01
6.2,19.5,-10.77
6.43,19.5,-17.62
6.67,19.5,-12.39
6.91,19.5,-20.73
7.17,19.5,-12.15
7.44,19.5,-7.01
7.71,19.5,-13.81
8.0,19.5,-23.29
4.0,20.0,-13.88
4.15,20.0,-11.08
4.3,20.0,-14.25
4.46,20.0,-9.39
4.63,20.0,-10.3
4.8,20.0,-30.54
4.98,20.0,-10.37
5.16,20.0,-20.19
5.36,20.0,-15.08
5.55,20.0,-7.71
5.76,20.0,-19.88
5.98,20.0,-4.12
6.2,20.0,-11.43
6.43,20.0,-23.78
6.67,20.0,-13.04
6.91,20.0,-17.46
7.17,20.0,-13.48
7.44,20.0,-13.14
7.71,20.0,-15.25
8.0,20.0,-18.55
4.0,20.5,-17.4
4.15,20.5,-13.66
4.3,20.5,-16.85
4.46,20.5,-11.13
4.63,20.5,-11.32
4.8,20.5,-23.71
4.98,20.5,-11.8
5.16,20.5,-19.02
5.36,20.5,-17.19
5.55,20.5,-8.98
5.76,20.5,-18.81
5.98,20.5,-5.42
6.2,20.5,-12.29
6.43,20.5,-23.55
6.67,20.5,-13.91
6.91,20.5,-16.51
7.17,20.5,-15.07
7.44,20.5,-13.39
7.71,20.5,-16.99
8.0,20.5,-16.38
4.0,21.0,-23.81
4.15,21.0,-23.79
4.3,21.0,-22.17
4.46,21.0,-14.3
4.63,21.0,-13.27
4.8,21.0,-22.4
4.98,21.0,-13.65
5.16,21.0,-19.0
5.36,21.0,-19.88
5.55,21.0,-10.51
5.76,21.0,-18.65
5.98,21.0,-6.95
6.2,21.0,-13.36
6.43,21.0,-20.4
6.67,21.0,-15.01
6.91,21.0,-16.45
7.17,21.0,-16.98
7.44,21.0,-10.33
7.71,21.0,-19.13
8.0,21.0,-16.09
4.0,21.5,-15.91
4.15,21.5,-14.32
4.3,21.5,-22.23
4.46,21.5,-25.31
4.63,21.5,-18.2
4.8,21.5,-23.83
4.98,21.5,-16.27
5.16,21.5,-19.88
5.36,21.5,-23.64
5.55,21.5,-12.4
5.76,21.5,-19.1
5.98,21.5,-8.8
6.2,21.5,-14.72
6.43,21.5,-19.73
6.67,21.5,-16.42
6.91,21.5,-17.02
7.17,21.5,-19.36
7.44,21.5,-9.94
7.71,21.5,-21.87
8.0,21.5,-16.8
4.0,22.0,-13.4
4.15,22.0,-11.03
4.3,22.0,-18.1
4.46,22.0,-13.79
4.63,22.0,-16.96
4.8,22.0,-45.96
4.98,22.0,-21.21
5.16,22.0,-22.07
5.36,22.0,-30.26
5.55,22.0,-14.87
5.76,22.0,-20.18
5.98,22.0,-11.13
6.2,22.0,-16.48
6.43,22.0,-20.15
6.67,22.0,-18.27
6.91,22.0,-18.25
7.17,22.0,-22.49
7.44,22.0,-10.84
7.71,22.0,-25.62
8.0,22.0,-18.55
4.0,22.5,-11.93
4.15,22.5,-9.19
4.3,22.5,-16.49
4.46,22.5,-11.06
4.63,22.5,-12.45
4.8,22.5,-22.11
4.98,22.5,-23.17
5.16,22.5,-30.63
5.36,22.5,-36.09
5.55,22.5,-18.56
5.76,22.5,-22.23
5.98,22.5,-14.3
6.2,22.5,-18.96
6.43,22.5,-21.62
6.67,22.5,-20.94
6.91,22.5,-20.51
7.17,22.5,-27.11
7.44,22.5,-13.45
7.71,22.5,-31.79
8.0,22.5,-22.59
4.0,23.0,-10.96
4.15,23.0,-7.96
4.3,23.0,-15.7
4.46,23.0,-9.53
4.63,23.0,-10.29
4.8,23.0,-18.65
4.98,23.0,-18.65
5.16,23.0,-22.82
5.36,23.0,-34.26
5.55,23.0,-29.31
5.76,23.0,-27.2
5.98,23.0,-19.69
6.2,23.0,-23.29
6.43,23.0,-25.22
6.67,23.0,-26.0
6.91,23.0,-26.17
7.17,23.0,-38.3
7.44,23.0,-27.93
7.71,23.0,-42.27
8.0,23.0,-25.2
4.0,23.5,-10.27
4.15,23.5,-7.06
4.3,23.5,-15.37
4.46,23.5,-8.53
4.63,23.5,-8.91
4.8,23.5,-16.58
4.98,23.5,-17.19
5.16,23.5,-19.35
5.36,23.5,-26.21
5.55,23.5,-22.05
5.76,23.5,-26.42
5.98,23.5,-24.23
6.2,23.5,-28.2
6.43,23.5,-28.47
6.67,23.5,-27.74
6.91,23.5,-24.18
7.17,23.5,-38.19
7.44,23.5,-12.97
7.71,23.5,-36.41
8.0,23.5,-19.76
4.0,24.0,-9.78
4.15,24.0,-6.38
4.3,24.0,-15.36
4.46,24.0,-7.84
4.63,24.0,-7.95
4.8,24.0,-15.14
4.98,24.0,-16.68
5.16,24.0,-17.48
5.36,24.0,-22.67
5.55,24.0,-20.47
5.76,24.0,-22.03
5.98,24.0,-20.82
6.2,24.0,-22.31
6.43,24.0,-22.3
6.67,24.0,-23.43
6.91,24.0,-20.31
7.17,24.0,-31.94
7.44,24.0,-10.2
7.71,24.0,-29.32
8.0,24.0,-17.83
4.0,24.5,-9.44
4.15,24.5,-5.88
4.3,24.5,-15.63
4.46,24.5,-7.37
4.63,24.5,-7.25
4.8,24.5,-14.08
4.98,24.5,-16.74
5.16,24.5,-16.25
5.36,24.5,-20.44
5.55,24.5,-21.03
5.76,24.5,-20.08
5.98,24.5,-23.18
6.2,24.5,-20.69
6.43,24.5,-19.99
6.67,24.5,-22.1
6.91,24.5,-18.62
7.17,24.5,-26.74
7.44,24.5,-8.77
7.71,24.5,-26.13
8.0,24.5,-16.91
4.0,25.0,-9.22
4.15,25.0,-5.5
4.3,25.0,-16.21
4.46,25.0,-7.06
4.63,25.0,-6.74
4.8,25.0,-13.28
4.98,25.0,-17.28
5.16,25.0,-15.4
5.36,25.0,-18.88
5.55,25.0,-24.21
5.76,25.0,-18.94
5.98,25.0,-23.44
6.2,25.0,-20.16
6.43,25.0,-18.7
6.67,25.0,-21.74
6.91,25.0,-17.72
7.17,25.0,-24.06
7.44,25.0,-7.98
7.71,25.0,-24.24
8.0,25.0,-16.54
4.0,27.0,-9.31
4.15,27.0,-4.95
4.3,27.0,-35.33
4.46,27.0,-6.98
4.63,27.0,-6.0
4.8,27.0,-11.7
4.98,27.0,-23.78
5.16,27.0,-14.06
5.36,27.0,-15.88
5.55,27.0,-15.87
5.76,27.0,-17.62
5.98,27.0,-11.99
6.2,27.0,-24.15
6.43,27.0,-17.31
6.67,27.0,-26.68
6.91,27.0,-17.65
7.17,27.0,-20.27
7.44,27.0,-8.09
7.71,27.0,-22.0
8.0,27.0,-18.47
4.0,30.0,-12.26
4.15,30.0,-6.38
4.3,30.0,-14.53
4.46,30.0,-9.81
4.63,30.0,-7.64
4.8,30.0,-12.44
4.98,30.0,-14.85
5.16,30.0,-15.74
5.36,30.0,-16.11
5.55,30.0,-13.23
5.76,30.0,-20.71
5.98,30.0,-10.39
6.2,30.0,-20.78
6.43,30.0,-21.26
6.67,30.0,-22.88
6.91,30.0,-26.72
7.17,30.0,-22.86
7.44,30.0,-17.1
7.71,30.0,-29.04
8.0,30.0,-52.31
4.0,33.0,-20.98
4.15,33.0,-11.36
4.3,33.0,-13.86
4.46,33.0,-23.65
4.63,33.0,-13.2
4.8,33.0,-16.72
4.98,33.0,-16.43
5.16,33.0,-22.23
5.36,33.0,-21.12
5.55,33.0,-16.97
5.76,33.0,-34.32
5.98,33.0,-14.91
6.2,33.0,-23.22
6.43,33.0,-34.67
6.67,33.0,-28.57
6.91,33.0,-43.53
7.17,33.0,-31.31
7.44,33.0,-16.42
7.71,33.0,-31.58
8.0,33.0,-20.98
4.0,36.0,-14.15
4.15,36.0,-16.23
4.3,36.0,-16.87
4.46,36.0,-17.29
4.63,36.0,-25.44
4.8,36.0,-39.0
4.98,36.0,-24.18
5.16,36.0,-38.15
5.36,36.0,-27.22
5.55,36.0,-20.55
5.76,36.0,-29.6
5.98,36.0,-18.98
6.2,36.0,-24.6
6.43,36.0,-26.03
6.67,36.0,-24.44
6.91,36.0,-21.35
7.17,36.0,-30.18
7.44,36.0,-10.51
7.71,36.0,-26.36
8.0,36.0,-19.85
4.0,39.0,-16.4
4.15,39.0,-18.99
4.3,39.0,-25.06
4.46,39.0,-15.62
4.63,39.0,-14.5
4.8,39.0,-21.8
4.98,39.0,-18.4
5.16,39.0,-21.2
5.36,39.0,-28.16
5.55,39.0,-20.9
5.76,39.0,-23.84
5.98,39.0,-22.86
6.2,39.0,-23.87
6.43,39.0,-22.65
6.67,39.0,-25.7
6.91,39.0,-21.02
7.17,39.0,-24.78
7.44,39.0,-11.78
7.71,39.0,-26.67
8.0,39.0,-27.43
4.0,42.0,-17.54
4.15,42.0,-11.55
4.3,42.0,-18.98
4.46,42.0,-10.61
4.63,42.0,-9.88
4.8,42.0,-15.94
4.98,42.0,-23.78
5.16,42.0,-18.29
5.36,42.0,-20.83
5.55,42.0,-21.25
5.76,42.0,-23.98
5.98,42.0,-17.71
6.2,42.0,-36.95
6.43,42.0,-24.41
6.67,42.0,-32.03
6.91,42.0,-26.31
7.17,42.0,-27.04
7.44,42.0,-20.83
7.71,42.0,-34.3
8.0,42.0,-32.41
4.0,45.0,-12.61
4.15,45.0,-8.12
4.3,45.0,-21.33
4.46,45.0,-9.4
4.63,45.0,-8.61
4.8,45.0,-14.39
4.98,45.0,-19.92
5.16,45.0,-18.49
5.36,45.0,-20.34
5.55,45.0,-18.69
5.76,45.0,-27.59
5.98,45.0,-16.99
6.2,45.0,-25.92
6.43,45.0,-31.95
6.67,45.0,-27.69
6.91,45.0,-31.6
7.17,45.0,-43.46
7.44,45.0,-20.39
7.71,45.0,-34.49
8.0,45.0,-23.21
4.0,48.0,-11.49
4.15,48.0,-7.22
4.3,48.0,-25.14
4.46,48.0,-9.9
4.63,48.0,-9.13
4.8,48.0,-14.98
4.98,48.0,-18.5
5.16,48.0,-21.18
5.36,48.0,-23.59
5.55,48.0,-22.82
5.76,48.0,-37.4
5.98,48.0,-21.62
6.2,48.0,-28.23
6.43,48.0,-34.87
6.67,48.0,-35.49
6.91,48.0,-28.81
7.17,48.0,-46.82
7.44,48.0,-12.76
7.71,48.0,-27.93
8.0,48.0,-21.61
4.0,51.0,-11.93
4.15,51.0,-7.77
4.3,51.0,-20.26
4.46,51.0,-11.76
4.63,51.0,-11.19
4.8,51.0,-17.55
4.98,51.0,-21.37
5.16,51.0,-30.1
5.36,51.0,-28.95
5.55,51.0,-22.2
5.76,51.0,-50.28
5.98,51.0,-23.01
6.2,51.0,-33.8
6.43,51.0,-34.79
6.67,51.0,-28.39
6.91,51.0,-23.56
7.17,51.0,-29.79
7.44,51.0,-11.45
7.71,51.0,-26.82
8.0,51.0,-26.58
4.0,54.0,-13.68
4.15,54.0,-9.64
4.3,54.0,-20.5
4.46,54.0,-15.13
4.63,54.0,-15.23
4.8,54.0,-23.8
4.98,54.0,-28.4
5.16,54.0,-26.58
5.36,54.0,-24.3
5.55,54.0,-19.95
5.76,54.0,-36.1
5.98,54.0,-21.22
6.2,54.0,-29.16
6.43,54.0,-30.19
6.67,54.0,-27.07
6.91,54.0,-23.08
7.17,54.0,-28.75
7.44,54.0,-13.41
7.71,54.0,-32.24
8.0,54.0,-24.85
4.0,57.0,-17.26
4.15,57.0,-13.43
4.3,57.0,-23.69
4.46,57.0,-21.1
4.63,57.0,-24.47
4.8,57.0,-27.32
4.98,57.0,-23.6
5.16,57.0,-27.17
5.36,57.0,-25.79
5.55,57.0,-21.98
5.76,57.0,-36.35
5.98,57.0,-24.03
6.2,57.0,-30.84
6.43,57.0,-31.1
6.67,57.0,-29.1
6.91,57.0,-25.65
7.17,57.0,-31.86
7.44,57.0,-20.2
7.71,57.0,-32.49
8.0,57.0,-24.16
4.0,60.0,-60.0
4.15,60.0,-60.0
4.3,60.0,-60.0
4.46,60.0,-60.0
4.63,60.0,-60.0
4.8,60.0,-60.0
4.98,60.0,-60.0
5.16,60.0,-60.0
5.36,60.0,-60.0
5.55,60.0,-60.0
5.76,60.0,-60.0
5.98,60.0,-60.0
6.2,60.0,-60.0
6.43,60.0,-60.0
6.67,60.0,-60.0
6.91,60.0,-60.0
7.17,60.0,-60.0
7.44,60.0,-60.0
7.71,60.0,-60.0
8.0,60.0,-60.0
4.0,63.0,-19.9
4.15,63.0,-17.2
4.3,63.0,-30.32
4.46,63.0,-25.91
4.63,63.0,-19.33
4.8,63.0,-21.93
4.98,63.0,-20.85
5.16,63.0,-27.3
5.36,63.0,-26.62
5.55,63.0,-24.01
5.76,63.0,-38.66
5.98,63.0,-27.91
6.2,63.0,-31.35
6.43,63.0,-30.75
6.67,63.0,-30.05
6.91,63.0,-28.7
7.17,63.0,-45.02
7.44,63.0,-16.7
7.71,63.0,-28.25
8.0,63.0,-24.33
4.0,66.0,-19.01
4.15,66.0,-18.22
4.3,66.0,-26.92
4.46,66.0,-20.32
4.63,66.0,-15.44
4.8,66.0,-18.71
4.98,66.0,-17.98
5.16,66.0,-25.4
5.36,66.0,-25.25
5.55,66.0,-23.97
5.76,66.0,-42.18
5.98,66.0,-28.84
6.2,66.0,-29.08
6.43,66.0,-28.67
6.67,66.0,-28.58
6.91,66.0,-30.54
7.17,66.0,-32.98
7.44,66.0,-12.7
7.71,66.0,-26.14
8.0,66.0,-24.73
4.0,69.0,-20.21
4.15,69.0,-25.04
4.3,69.0,-21.17
4.46,69.0,-18.02
4.63,69.0,-13.64
4.8,69.0,-17.3
4.98,69.0,-16.92
5.16,69.0,-25.17
5.36,69.0,-25.96
5.55,69.0,-28.89
5.76,69.0,-39.35
5.98,69.0,-33.59
6.2,69.0,-28.15
6.43,69.0,-28.47
6.67,69.0,-29.14
6.91,69.0,-31.84
7.17,69.0,-31.09
7.44,69.0,-11.19
7.71,69.0,-26.59
8.0,69.0,-27.86
4.0,72.0,-23.95
4.15,72.0,-15.79
4.3,72.0,-18.49
4.46,72.0,-16.99
4.63,72.0,-12.79
4.8,72.0,-16.77
4.98,72.0,-16.77
5.16,72.0,-25.79
5.36,72.0,-28.51
5.55,72.0,-26.54
5.76,72.0,-36.34
5.98,72.0,-41.39
6.2,72.0,-27.8
6.43,72.0,-29.46
6.67,72.0,-31.59
6.91,72.0,-26.48
7.17,72.0,-33.44
7.44,72.0,-10.95
7.71,72.0,-29.17
8.0,72.0,-20.31
4.0,75.0,-27.59
4.15,75.0,-13.18
4.3,75.0,-16.96
4.46,75.0,-16.65
4.63,75.0,-12.49
4.8,75.0,-16.74
4.98,75.0,-17.19
5.16,75.0,-27.03
5.36,75.0,-38.23
5.55,75.0,-22.93
5.76,75.0,-36.68
5.98,75.0,-48.2
6.2,75.0,-27.83
6.43,75.0,-31.65
6.67,75.0,-42.87
6.91,75.0,-24.87
7.17,75.0,-33.6
7.44,75.0,-11.52
7.71,75.0,-35.97
8.0,75.0,-17.71
4.0,78.0,-21.88
4.15,78.0,-11.88
4.3,78.0,-16.04
4.46,78.0,-16.75
4.63,78.0,-12.53
4.8,78.0,-17.03
4.98,78.0,-17.98
5.16,78.0,-28.86
5.36,78.0,-30.42
5.55,78.0,-21.68
5.76,78.0,-40.87
5.98,78.0,-33.75
6.2,78.0,-28.15
6.43,78.0,-35.89
6.67,78.0,-32.62
6.91,78.0,-24.52
7.17,78.0,-27.96
7.44,78.0,-12.63
7.71,78.0,-36.51
8.0,78.0,-16.42
4.0,81.0,-20.14
4.15,81.0,-11.2
4.3,81.0,-15.46
4.46,81.0,-17.2
4.63,81.0,-12.78
4.8,81.0,-17.47
4.98,81.0,-18.94
5.16,81.0,-31.49
5.36,81.0,-27.86
5.55,81.0,-21.29
5.76,81.0,-39.69
5.98,81.0,-30.13
6.2,81.0,-28.67
6.43,81.0,-43.25
6.67,81.0,-29.91
6.91,81.0,-24.86
7.17,81.0,-25.6
7.44,81.0,-14.05
7.71,81.0,-37.56
8.0,81.0,-15.78
4.0,84.0,-19.5
4.15,84.0,-10.89
4.3,84.0,-15.06
4.46,84.0,-18.03
4.63,84.0,-13.15
4.8,84.0,-17.97
4.98,84.0,-19.89
5.16,84.0,-35.71
5.36,84.0,-26.88
5.55,84.0,-21.35
5.76,84.0,-35.36
5.98,84.0,-28.41
6.2,84.0,-29.29
6.43,84.0,-36.65
6.67,84.0,-28.69
6.91,84.0,-25.65
7.17,84.0,-24.27
7.44,84.0,-15.53
7.71,84.0,-37.13
8.0,84.0,-15.46
4.0,87.0,-19.45
4.15,87.0,-10.81
4.3,87.0,-14.73
4.46,87.0,-19.52
4.63,87.0,-13.61
4.8,87.0,-18.42
4.98,87.0,-20.6
5.16,87.0,-51.23
5.36,87.0,-26.58
5.55,87.0,-21.62
5.76,87.0,-33.63
5.98,87.0,-27.62
6.2,87.0,-29.92
6.43,87.0,-35.25
6.67,87.0,-28.1
6.91,87.0,-26.68
7.17,87.0,-23.43
7.44,87.0,-16.72
7.71,87.0,-31.95
8.0,87.0,-15.24
4.0,90.0,-19.89
4.15,90.0,-10.9
4.3,90.0,-14.39
4.46,90.0,-22.95
4.63,90.0,-14.17
4.8,90.0,-18.77
4.98,90.0,-20.86
5.16,90.0,-41.54
5.36,90.0,-26.73
5.55,90.0,-21.97
5.76,90.0,-32.9
5.98,90.0,-27.48
6.2,90.0,-30.45
6.43,90.0,-34.47
6.67,90.0,-27.93
6.91,90.0,-27.77
7.17,90.0,-22.86
7.44,90.0,-17.24
7.71,90.0,-30.07
8.0,90.0,-14.99
4.0,93.0,-20.81
4.15,93.0,-11.12
4.3,93.0,-14.0
4.46,93.0,-25.34
4.63,93.0,-14.89
4.8,93.0,-18.98
4.98,93.0,-20.52
5.16,93.0,-52.38
5.36,93.0,-27.28
5.55,93.0,-22.32
5.76,93.0,-32.97
5.98,93.0,-27.96
6.2,93.0,-30.83
6.43,93.0,-33.63
6.67,93.0,-28.15
6.91,93.0,-28.69
7.17,93.0,-22.46
7.44,93.0,-16.93
7.71,93.0,-29.46
8.0,93.0,-14.71
4.0,96.0,-22.38
4.15,96.0,-11.48
4.3,96.0,-13.57
4.46,96.0,-18.79
4.63,96.0,-15.93
4.8,96.0,-19.08
4.98,96.0,-19.61
5.16,96.0,-39.26
5.36,96.0,-28.36
5.55,96.0,-22.65
5.76,96.0,-34.21
5.98,96.0,-29.21
6.2,96.0,-31.03
6.43,96.0,-32.83
6.67,96.0,-28.88
6.91,96.0,-29.25
7.17,96.0,-22.26
7.44,96.0,-16.02
7.71,96.0,-29.84
8.0,96.0,-14.47
4.0,99.0,-25.02
4.15,99.0,-12.01
4.3,99.0,-13.16
4.46,99.0,-15.88
4.63,99.0,-17.74
4.8,99.0,-19.09
4.98,99.0,-18.26
5.16,99.0,-43.61
5.36,99.0,-30.3
5.55,99.0,-23.0
5.76,99.0,-39.96
5.98,99.0,-31.63
6.2,99.0,-31.08
6.43,99.0,-32.62
6.67,99.0,-30.43
6.91,99.0,-29.41
7.17,99.0,-22.38
7.44,99.0,-14.94
7.71,99.0,-31.45
8.0,99.0,-14.46
4.0,102.0,-30.16
4.15,102.0,-12.82
4.3,102.0,-12.85
4.46,102.0,-13.97
4.63,102.0,-22.22
4.8,102.0,-19.1
4.98,102.0,-16.7
5.16,102.0,-32.32
5.36,102.0,-34.21
5.55,102.0,-23.56
5.76,102.0,-34.77
5.98,102.0,-36.43
6.2,102.0,-31.03
6.43,102.0,-34.34
6.67,102.0,-33.78
6.91,102.0,-29.38
7.17,102.0,-23.06
7.44,102.0,-14.07
7.71,102.0,-35.87
8.0,102.0,-14.96
4.0,105.0,-43.13
4.15,105.0,-14.13
4.3,105.0,-12.78
4.46,105.0,-12.67
4.63,105.0,-21.71
4.8,105.0,-19.17
4.98,105.0,-15.13
5.16,105.0,-26.52
5.36,105.0,-44.15
5.55,105.0,-24.71
5.76,105.0,-30.83
5.98,105.0,-52.63
6.2,105.0,-30.95
6.43,105.0,-36.92
6.67,105.0,-45.19
6.91,105.0,-29.56
7.17,105.0,-24.89
7.44,105.0,-13.72
7.71,105.0,-39.3
8.0,105.0,-16.4
4.0,108.0,-30.59
4.15,108.0,-16.56
4.3,108.0,-13.15
4.46,108.0,-11.93
4.63,108.0,-16.99
4.8,108.0,-19.42
4.98,108.0,-13.72
5.16,108.0,-22.79
5.36,108.0,-40.6
5.55,108.0,-27.93
5.76,108.0,-29.52
5.98,108.0,-55.65
6.2,108.0,-30.89
6.43,108.0,-28.81
6.67,108.0,-36.58
6.91,108.0,-30.61
7.17,108.0,-30.55
7.44,108.0,-14.21
7.71,108.0,-40.4
8.0,108.0,-19.72
4.0,111.0,-23.71
4.15,111.0,-25.37
4.3,111.0,-14.41
4.46,111.0,-11.84
4.63,111.0,-15.11
4.8,111.0,-19.95
4.98,111.0,-12.62
5.16,111.0,-20.15
5.36,111.0,-33.53
5.55,111.0,-29.54
5.76,111.0,-31.13
5.98,111.0,-37.86
6.2,111.0,-30.86
6.43,111.0,-25.27
6.67,111.0,-41.46
6.91,111.0,-35.01
7.17,111.0,-28.71
7.44,111.0,-16.18
7.71,111.0,-32.24
8.0,111.0,-29.57
4.0,114.0,-20.01
4.15,114.0,-17.63
4.3,114.0,-18.28
4.46,114.0,-12.75
4.63,114.0,-14.54
4.8,114.0,-20.9
4.98,114.0,-11.96
5.16,114.0,-18.38
5.36,114.0,-28.05
5.55,114.0,-23.34
5.76,114.0,-32.0
5.98,114.0,-28.85
6.2,114.0,-30.85
6.43,114.0,-23.1
6.67,114.0,-30.39
6.91,114.0,-32.2
7.17,114.0,-26.78
7.44,114.0,-22.37
7.71,114.0,-27.37
8.0,114.0,-29.46
4.0,117.0,-17.74
4.15,117.0,-14.5
4.3,117.0,-18.59
4.46,117.0,-15.95
4.63,117.0,-15.32
4.8,117.0,-22.5
4.98,117.0,-11.94
5.16,117.0,-17.46
5.36,117.0,-25.35
5.55,117.0,-20.89
5.76,117.0,-25.17
5.98,117.0,-23.92
6.2,117.0,-30.89
6.43,117.0,-21.85
6.67,117.0,-26.85
6.91,117.0,-27.61
7.17,117.0,-35.22
7.44,117.0,-21.67
7.71,117.0,-25.37
8.0,117.0,-19.33
4.0,120.0,-16.51
4.15,120.0,-13.24
4.3,120.0,-13.66
4.46,120.0,-19.09
4.63,120.0,-18.74
4.8,120.0,-25.26
4.98,120.0,-12.88
5.16,120.0,-17.55
5.36,120.0,-24.26
5.55,120.0,-19.94
5.76,120.0,-22.61
5.98,120.0,-21.16
6.2,120.0,-31.17
6.43,120.0,-21.51
6.67,120.0,-25.3
6.91,120.0,-25.72
7.17,120.0,-24.43
7.44,120.0,-22.85
7.71,120.0,-25.52
8.0,120.0,-16.38
4.0,123.0,-16.32
4.15,123.0,-13.15
4.3,123.0,-12.16
4.46,123.0,-13.42
4.63,123.0,-21.7
4.8,123.0,-31.2
4.98,123.0,-15.55
5.16,123.0,-19.09
5.36,123.0,-24.81
5.55,123.0,-20.4
5.76,123.0,-22.08
5.98,123.0,-20.31
6.2,123.0,-32.18
6.43,123.0,-22.33
6.67,123.0,-25.36
6.91,123.0,-25.43
7.17,123.0,-21.56
7.44,123.0,-21.35
7.71,123.0,-29.09
8.0,123.0,-16.6
4.0,126.0,-17.62
4.15,126.0,-14.5
4.3,126.0,-12.65
4.46,126.0,-12.72
4.63,126.0,-17.32
4.8,126.0,-33.13
4.98,126.0,-24.65
5.16,126.0,-23.61
5.36,126.0,-27.85
5.55,126.0,-23.02
5.76,126.0,-23.98
5.98,126.0,-22.0
6.2,126.0,-35.12
6.43,126.0,-25.23
6.67,126.0,-27.57
6.91,126.0,-27.08
7.17,126.0,-21.84
7.44,126.0,-18.25
7.71,126.0,-32.54
8.0,126.0,-21.07
4.0,129.0,-23.14
4.15,129.0,-19.99
4.3,129.0,-17.53
4.46,129.0,-16.96
4.63,129.0,-20.49
4.8,129.0,-34.37
4.98,129.0,-23.96
5.16,129.0,-34.59
5.36,129.0,-39.41
5.55,129.0,-32.04
5.76,129.0,-32.16
5.98,129.0,-30.67
6.2,129.0,-46.21
6.43,129.0,-35.35
6.67,129.0,-35.5
6.91,129.0,-33.72
7.17,129.0,-27.39
7.44,129.0,-22.42
7.71,129.0,-32.69
8.0,129.0,-29.11
4.0,130.0,-60.0
4.15,130.0,-60.0
4.3,130.0,-60.0
4.46,130.0,-60.0
4.63,130.0,-60.0
4.8,130.0,-60.0
4.98,130.0,-60.0
5.16,130.0,-60.0
5.36,130.0,-60.0
5.55,130.0,-60.0
5.76,130.0,-60.0
5.98,130.0,-60.0
6.2,130.0,-60.0
6.43,130.0,-60.0
6.67,130.0,-60.0
6.91,130.0,-60.0
7.17,130.0,-60.0
7.44,130.0,-60.0
7.71,130.0,-60.0
8.0,130.0,-60.0
4.0,132.0,-20.44
4.15,132.0,-17.09
4.3,132.0,-14.15
4.46,132.0,-13.13
4.63,132.0,-16.1
4.8,132.0,-29.37
4.98,132.0,-17.31
5.16,132.0,-23.58
5.36,132.0,-31.45
5.55,132.0,-29.55
5.76,132.0,-31.21
5.98,132.0,-26.52
6.2,132.0,-37.34
6.43,132.0,-29.43
6.67,132.0,-39.5
6.91,132.0,-34.87
7.17,132.0,-26.1
7.44,132.0,-19.93
7.71,132.0,-28.36
8.0,132.0,-20.81
4.0,135.0,-18.03
4.15,135.0,-14.16
4.3,135.0,-10.77
4.46,135.0,-9.35
4.63,135.0,-11.91
4.8,135.0,-24.54
4.98,135.0,-12.0
5.16,135.0,-17.44
5.36,135.0,-24.11
5.55,135.0,-20.37
5.76,135.0,-21.1
5.98,135.0,-17.56
6.2,135.0,-29.18
6.43,135.0,-21.19
6.67,135.0,-26.73
6.91,135.0,-29.64
7.17,135.0,-36.28
7.44,135.0,-20.09
7.71,135.0,-25.91
8.0,135.0,-16.85
4.0,138.0,-21.09
4.15,138.0,-15.15
4.3,138.0,-10.9
4.46,138.0,-8.91
4.63,138.0,-11.05
4.8,138.0,-22.76
4.98,138.0,-10.23
5.16,138.0,-15.29
5.36,138.0,-21.64
5.55,138.0,-17.09
5.76,138.0,-17.74
5.98,138.0,-14.45
6.2,138.0,-25.72
6.43,138.0,-18.16
6.67,138.0,-23.44
6.91,138.0,-24.09
7.17,138.0,-21.52
7.44,138.0,-22.3
7.71,138.0,-32.57
8.0,138.0,-19.19
4.0,141.0,-18.4
4.15,141.0,-19.9
4.3,141.0,-18.17
4.46,141.0,-12.5
4.63,141.0,-13.42
4.8,141.0,-23.48
4.98,141.0,-11.2
5.16,141.0,-16.01
5.36,141.0,-22.38
5.55,141.0,-16.94
5.76,141.0,-17.84
5.98,141.0,-14.93
6.2,141.0,-25.25
6.43,141.0,-18.49
6.67,141.0,-24.24
6.91,141.0,-23.3
7.17,141.0,-20.65
7.44,141.0,-23.24
7.71,141.0,-28.19
8.0,141.0,-26.68
4.0,144.0,-14.14
4.15,144.0,-11.54
4.3,144.0,-10.84
4.46,144.0,-12.06
4.63,144.0,-18.41
4.8,144.0,-39.01
4.98,144.0,-19.63
5.16,144.0,-22.62
5.36,144.0,-29.13
5.55,144.0,-21.85
5.76,144.0,-23.62
5.98,144.0,-22.13
6.2,144.0,-29.65
6.43,144.0,-24.91
6.67,144.0,-37.7
6.91,144.0,-28.06
7.17,144.0,-40.81
7.44,144.0,-17.19
7.71,144.0,-31.7
8.0,144.0,-19.82
4.0,147.0,-13.47
4.15,147.0,-9.39
4.3,147.0,-8.65
4.46,147.0,-9.1
4.63,147.0,-14.01
4.8,147.0,-21.75
4.98,147.0,-14.8
5.16,147.0,-22.91
5.36,147.0,-34.11
5.55,147.0,-23.22
5.76,147.0,-36.42
5.98,147.0,-20.4
6.2,147.0,-34.58
6.43,147.0,-25.41
6.67,147.0,-30.5
6.91,147.0,-47.44
7.17,147.0,-25.76
7.44,147.0,-17.73
7.71,147.0,-25.33
8.0,147.0,-16.22
4.0,150.0,-16.55
4.15,150.0,-9.62
4.3,150.0,-10.73
4.46,150.0,-13.79
4.63,150.0,-17.84
4.8,150.0,-20.11
4.98,150.0,-18.29
5.16,150.0,-17.81
5.36,150.0,-20.7
5.55,150.0,-19.64
5.76,150.0,-16.21
5.98,150.0,-11.2
6.2,150.0,-24.75
6.43,150.0,-15.38
6.67,150.0,-20.5
6.91,150.0,-21.7
7.17,150.0,-18.63
7.44,150.0,-18.47
7.71,150.0,-27.99
8.0,150.0,-35.36
4.0,153.0,-17.48
4.15,153.0,-13.17
4.3,153.0,-13.22
4.46,153.0,-8.81
4.63,153.0,-9.5
4.8,153.0,-22.99
4.98,153.0,-9.26
5.16,153.0,-12.96
5.36,153.0,-17.8
5.55,153.0,-13.85
5.76,153.0,-13.07
5.98,153.0,-9.23
6.2,153.0,-20.41
6.43,153.0,-13.35
6.67,153.0,-19.61
6.91,153.0,-18.89
7.17,153.0,-17.02
7.44,153.0,-19.21
7.71,153.0,-24.19
8.0,153.0,-49.72
4.0,156.0,-14.19
4.15,156.0,-17.6
4.3,156.0,-9.17
4.46,156.0,-7.22
4.63,156.0,-9.31
4.8,156.0,-26.58
4.98,156.0,-9.57
5.16,156.0,-14.56
5.36,156.0,-21.06
5.55,156.0,-16.32
5.76,156.0,-17.49
5.98,156.0,-15.47
6.2,156.0,-24.77
6.43,156.0,-20.11
6.67,156.0,-32.03
6.91,156.0,-25.12
7.17,156.0,-29.82
7.44,156.0,-14.38
7.71,156.0,-26.34
8.0,156.0,-15.58
4.0,159.0,-26.65
4.15,159.0,-28.26
4.3,159.0,-16.84
4.46,159.0,-12.26
4.63,159.0,-12.6
4.8,159.0,-22.67
4.98,159.0,-9.01
5.16,159.0,-13.13
5.36,159.0,-19.94
5.55,159.0,-11.64
5.76,159.0,-13.88
5.98,159.0,-24.86
6.2,159.0,-19.13
6.43,159.0,-18.03
6.67,159.0,-17.02
6.91,159.0,-20.49
7.17,159.0,-12.82
7.44,159.0,-8.51
7.71,159.0,-16.87
8.0,159.0,-9.67
4.0,162.0,-10.61
4.15,162.0,-7.86
4.3,162.0,-4.28
4.46,162.0,-2.86
4.63,162.0,-5.67
4.8,162.0,-13.75
4.98,162.0,-4.21
5.16,162.0,-11.0
5.36,162.0,-18.67
5.55,162.0,-10.23
5.76,162.0,-11.47
5.98,162.0,-2.67
6.2,162.0,-19.85
6.43,162.0,-5.41
6.67,162.0,-9.56
6.91,162.0,-9.79
7.17,162.0,-5.99
7.44,162.0,-9.89
7.71,162.0,-11.25
8.0,162.0,-8.8
4.0,165.0,-7.78
4.15,165.0,-3.78
4.3,165.0,-1.77
4.46,165.0,-1.55
4.63,165.0,-7.45
4.8,165.0,-10.31
4.98,165.0,-9.28
5.16,165.0,-8.36
5.36,165.0,-9.0
5.55,165.0,-7.03
5.76,165.0,-2.82
5.98,165.0,2.32
6.2,165.0,-9.02
6.43,165.0,-1.19
6.67,165.0,-7.69
6.91,165.0,-6.13
7.17,165.0,-5.84
7.44,165.0,0.69
7.71,165.0,-19.88
8.0,165.0,-0.34
4.0,168.0,-8.4
4.15,168.0,-2.3
4.3,168.0,-3.12
4.46,168.0,-13.91
4.63,168.0,-3.02
4.8,168.0,-9.74
4.98,168.0,0.11
5.16,168.0,-1.77
5.36,168.0,-5.54
5.55,168.0,-0.7
5.76,168.0,0.29
5.98,168.0,3.56
6.2,168.0,-5.59
6.43,168.0,-1.25
6.67,168.0,-15.01
6.91,168.0,-8.3
7.17,168.0,-3.36
7.44,168.0,4.74
7.71,168.0,-4.33
8.0,168.0,4.01
4.0,171.0,-14.59
4.15,171.0,-3.27
4.3,171.0,-4.32
4.46,171.0,1.86
4.63,171.0,2.02
4.8,171.0,-15.57
4.98,171.0,4.2
5.16,171.0,0.63
5.36,171.0,-4.98
5.55,171.0,1.48
5.76,171.0,0.15
5.98,171.0,-2.48
6.2,171.0,-5.75
6.43,171.0,-3.84
6.67,171.0,-2.96
6.91,171.0,-4.31
7.17,171.0,1.99
7.44,171.0,2.83
7.71,171.0,-2.06
8.0,171.0,1.46
4.0,174.0,-4.87
4.15,174.0,-20.98
4.3,174.0,2.15
4.46,174.0,5.18
4.63,174.0,3.86
4.8,174.0,-8.65
4.98,174.0,5.46
5.16,174.0,0.47
5.36,174.0,-9.46
5.55,174.0,0.73
5.76,174.0,-19.15
5.98,174.0,5.07
6.2,174.0,-14.06
6.43,174.0,3.38
6.67,174.0,-0.94
6.91,174.0,-0.33
7.17,174.0,2.12
7.44,174.0,5.22
7.71,174.0,-8.08
8.0,174.0,5.39
4.0,177.0,-2.27
4.15,177.0,-1.66
4.3,177.0,4.22
4.46,177.0,6.14
4.63,177.0,3.62
4.8,177.0,-5.24
4.98,177.0,4.24
5.16,177.0,-4.85
5.36,177.0,-5.75
5.55,177.0,-21.47
5.76,177.0,1.91
5.98,177.0,7.91
6.2,177.0,-3.28
6.43,177.0,4.5
6.67,177.0,-3.45
6.91,177.0,-0.93
7.17,177.0,-7.98
7.44,177.0,8.8
7.71,177.0,-0.94
8.0,177.0,8.15
4.0,180.0,-1.63
4.15,180.0,0.86
4.3,180.0,4.38
4.46,180.0,5.16
4.63,180.0,0.29
4.8,180.0,-4.58
4.98,180.0,-6.19
5.16,180.0,-0.99
5.36,180.0,-2.49
5.55,180.0,1.59
5.76,180.0,3.76
5.98,180.0,7.3
6.2,180.0,-1.91
6.43,180.0,1.23
6.67,180.0,-4.27
6.91,180.0,-10.81
7.17,180.0,3.49
7.44,180.0,6.94
7.71,180.0,0.52
8.0,180.0,4.29